user,grade
180599,Fail
163849,Fail
180545,Fail
159733,Fail
186155,Fail
185006,Pass
186158,Fail
179682,Fail
179356,Fail
140032,Fail
185004,Pass
186479,Fail
194146,Fail
184985,Fail
186153,Fail
184996,Pass
178614,Pass
185003,Pass
185000,Fail
185673,Pass
186480,Fail
184986,Pass
181091,Fail
186161,Fail
141174,Pass
184980,Pass
171442,Fail
140230,Fail
186162,Fail
186157,Fail
186152,Fail
186478,Pass
186164,Pass
185011,Fail
185009,Pass
184999,Fail
184992,Fail
184988,Pass
184990,Fail
184885,Pass
184983,Fail
184994,Fail
170619,Fail
184998,Fail
193349,Fail
185674,Fail
159551,Fail
141444,Fail
